filename,style,kind,puzzle,solution,difficulty,requested_blanks,actual_blanks,seed
images_original\sudoku_00000_en.png,en,original,050000416060008037000014090147060302320401060080203070000046583600000021030000040,859732416461598237273614895147869352325471968986253174712946583694385721538127649,medium,45,45,358635235
images_variant\sudoku_00000_en_var_00.png,en,variant,050000416060008037000014090147060302320401060080203070000046583600000021030000040,859732416461598237273614895147869352325471968986253174712946583694385721538127649,medium,45,45,358635235
images_variant\sudoku_00000_en_var_01.png,en,variant,050000416060008037000014090147060302320401060080203070000046583600000021030000040,859732416461598237273614895147869352325471968986253174712946583694385721538127649,medium,45,45,358635235
images_variant\sudoku_00000_en_var_02.png,en,variant,050000416060008037000014090147060302320401060080203070000046583600000021030000040,859732416461598237273614895147869352325471968986253174712946583694385721538127649,medium,45,45,358635235
images_original\sudoku_00000_fa.png,fa,original,050000416060008037000014090147060302320401060080203070000046583600000021030000040,859732416461598237273614895147869352325471968986253174712946583694385721538127649,medium,45,45,358635235
images_variant\sudoku_00000_fa_var_00.png,fa,variant,050000416060008037000014090147060302320401060080203070000046583600000021030000040,859732416461598237273614895147869352325471968986253174712946583694385721538127649,medium,45,45,358635235
images_variant\sudoku_00000_fa_var_01.png,fa,variant,050000416060008037000014090147060302320401060080203070000046583600000021030000040,859732416461598237273614895147869352325471968986253174712946583694385721538127649,medium,45,45,358635235
images_variant\sudoku_00000_fa_var_02.png,fa,variant,050000416060008037000014090147060302320401060080203070000046583600000021030000040,859732416461598237273614895147869352325471968986253174712946583694385721538127649,medium,45,45,358635235
images_original\sudoku_00001_en.png,en,original,867090050000435000050086910029004070603007000170902600706100090090670001281000000,867291354912435867354786912529364178643817529178952643736128495495673281281549736,medium,45,45,358635235
images_variant\sudoku_00001_en_var_00.png,en,variant,867090050000435000050086910029004070603007000170902600706100090090670001281000000,867291354912435867354786912529364178643817529178952643736128495495673281281549736,medium,45,45,358635235
images_variant\sudoku_00001_en_var_01.png,en,variant,867090050000435000050086910029004070603007000170902600706100090090670001281000000,867291354912435867354786912529364178643817529178952643736128495495673281281549736,medium,45,45,358635235
images_variant\sudoku_00001_en_var_02.png,en,variant,867090050000435000050086910029004070603007000170902600706100090090670001281000000,867291354912435867354786912529364178643817529178952643736128495495673281281549736,medium,45,45,358635235
images_original\sudoku_00001_fa.png,fa,original,867090050000435000050086910029004070603007000170902600706100090090670001281000000,867291354912435867354786912529364178643817529178952643736128495495673281281549736,medium,45,45,358635235
images_variant\sudoku_00001_fa_var_00.png,fa,variant,867090050000435000050086910029004070603007000170902600706100090090670001281000000,867291354912435867354786912529364178643817529178952643736128495495673281281549736,medium,45,45,358635235
images_variant\sudoku_00001_fa_var_01.png,fa,variant,867090050000435000050086910029004070603007000170902600706100090090670001281000000,867291354912435867354786912529364178643817529178952643736128495495673281281549736,medium,45,45,358635235
images_variant\sudoku_00001_fa_var_02.png,fa,variant,867090050000435000050086910029004070603007000170902600706100090090670001281000000,867291354912435867354786912529364178643817529178952643736128495495673281281549736,medium,45,45,358635235
images_original\sudoku_00002_en.png,en,original,500930108860007200900001000000678004000425010405300870100006400750094301200000057,547932168861547239932861745319678524678425913425319876183756492756294381294183657,medium,45,45,358635235
images_variant\sudoku_00002_en_var_00.png,en,variant,500930108860007200900001000000678004000425010405300870100006400750094301200000057,547932168861547239932861745319678524678425913425319876183756492756294381294183657,medium,45,45,358635235
images_variant\sudoku_00002_en_var_01.png,en,variant,500930108860007200900001000000678004000425010405300870100006400750094301200000057,547932168861547239932861745319678524678425913425319876183756492756294381294183657,medium,45,45,358635235
images_variant\sudoku_00002_en_var_02.png,en,variant,500930108860007200900001000000678004000425010405300870100006400750094301200000057,547932168861547239932861745319678524678425913425319876183756492756294381294183657,medium,45,45,358635235
images_original\sudoku_00002_fa.png,fa,original,500930108860007200900001000000678004000425010405300870100006400750094301200000057,547932168861547239932861745319678524678425913425319876183756492756294381294183657,medium,45,45,358635235
images_variant\sudoku_00002_fa_var_00.png,fa,variant,500930108860007200900001000000678004000425010405300870100006400750094301200000057,547932168861547239932861745319678524678425913425319876183756492756294381294183657,medium,45,45,358635235
images_variant\sudoku_00002_fa_var_01.png,fa,variant,500930108860007200900001000000678004000425010405300870100006400750094301200000057,547932168861547239932861745319678524678425913425319876183756492756294381294183657,medium,45,45,358635235
images_variant\sudoku_00002_fa_var_02.png,fa,variant,500930108860007200900001000000678004000425010405300870100006400750094301200000057,547932168861547239932861745319678524678425913425319876183756492756294381294183657,medium,45,45,358635235
images_original\sudoku_00003_en.png,en,original,073506000201003000040081009350008791197000020028000050035000008460819030019030000,973546182281973645546281379354628791197354826628197453735462918462819537819735264,medium,45,45,358635235
images_variant\sudoku_00003_en_var_00.png,en,variant,073506000201003000040081009350008791197000020028000050035000008460819030019030000,973546182281973645546281379354628791197354826628197453735462918462819537819735264,medium,45,45,358635235
images_variant\sudoku_00003_en_var_01.png,en,variant,073506000201003000040081009350008791197000020028000050035000008460819030019030000,973546182281973645546281379354628791197354826628197453735462918462819537819735264,medium,45,45,358635235
images_variant\sudoku_00003_en_var_02.png,en,variant,073506000201003000040081009350008791197000020028000050035000008460819030019030000,973546182281973645546281379354628791197354826628197453735462918462819537819735264,medium,45,45,358635235
images_original\sudoku_00003_fa.png,fa,original,073506000201003000040081009350008791197000020028000050035000008460819030019030000,973546182281973645546281379354628791197354826628197453735462918462819537819735264,medium,45,45,358635235
images_variant\sudoku_00003_fa_var_00.png,fa,variant,073506000201003000040081009350008791197000020028000050035000008460819030019030000,973546182281973645546281379354628791197354826628197453735462918462819537819735264,medium,45,45,358635235
images_variant\sudoku_00003_fa_var_01.png,fa,variant,073506000201003000040081009350008791197000020028000050035000008460819030019030000,973546182281973645546281379354628791197354826628197453735462918462819537819735264,medium,45,45,358635235
images_variant\sudoku_00003_fa_var_02.png,fa,variant,073506000201003000040081009350008791197000020028000050035000008460819030019030000,973546182281973645546281379354628791197354826628197453735462918462819537819735264,medium,45,45,358635235
images_original\sudoku_00004_en.png,en,original,702350960640028000005094000850030040100060080026875000060007803538900420000500000,782351964649728531315694278857139642193462785426875319961247853538916427274583196,medium,45,45,358635235
images_variant\sudoku_00004_en_var_00.png,en,variant,702350960640028000005094000850030040100060080026875000060007803538900420000500000,782351964649728531315694278857139642193462785426875319961247853538916427274583196,medium,45,45,358635235
images_variant\sudoku_00004_en_var_01.png,en,variant,702350960640028000005094000850030040100060080026875000060007803538900420000500000,782351964649728531315694278857139642193462785426875319961247853538916427274583196,medium,45,45,358635235
images_variant\sudoku_00004_en_var_02.png,en,variant,702350960640028000005094000850030040100060080026875000060007803538900420000500000,782351964649728531315694278857139642193462785426875319961247853538916427274583196,medium,45,45,358635235
images_original\sudoku_00004_fa.png,fa,original,702350960640028000005094000850030040100060080026875000060007803538900420000500000,782351964649728531315694278857139642193462785426875319961247853538916427274583196,medium,45,45,358635235
images_variant\sudoku_00004_fa_var_00.png,fa,variant,702350960640028000005094000850030040100060080026875000060007803538900420000500000,782351964649728531315694278857139642193462785426875319961247853538916427274583196,medium,45,45,358635235
images_variant\sudoku_00004_fa_var_01.png,fa,variant,702350960640028000005094000850030040100060080026875000060007803538900420000500000,782351964649728531315694278857139642193462785426875319961247853538916427274583196,medium,45,45,358635235
images_variant\sudoku_00004_fa_var_02.png,fa,variant,702350960640028000005094000850030040100060080026875000060007803538900420000500000,782351964649728531315694278857139642193462785426875319961247853538916427274583196,medium,45,45,358635235
images_original\sudoku_00005_en.png,en,original,060009050000750100502031040906508003100096020000000004700063082690284070024105000,361849257489752136572631948946528713137496825258317694715963482693284571824175369,medium,45,45,358635235
images_variant\sudoku_00005_en_var_00.png,en,variant,060009050000750100502031040906508003100096020000000004700063082690284070024105000,361849257489752136572631948946528713137496825258317694715963482693284571824175369,medium,45,45,358635235
images_variant\sudoku_00005_en_var_01.png,en,variant,060009050000750100502031040906508003100096020000000004700063082690284070024105000,361849257489752136572631948946528713137496825258317694715963482693284571824175369,medium,45,45,358635235
images_variant\sudoku_00005_en_var_02.png,en,variant,060009050000750100502031040906508003100096020000000004700063082690284070024105000,361849257489752136572631948946528713137496825258317694715963482693284571824175369,medium,45,45,358635235
images_original\sudoku_00005_fa.png,fa,original,060009050000750100502031040906508003100096020000000004700063082690284070024105000,361849257489752136572631948946528713137496825258317694715963482693284571824175369,medium,45,45,358635235
images_variant\sudoku_00005_fa_var_00.png,fa,variant,060009050000750100502031040906508003100096020000000004700063082690284070024105000,361849257489752136572631948946528713137496825258317694715963482693284571824175369,medium,45,45,358635235
images_variant\sudoku_00005_fa_var_01.png,fa,variant,060009050000750100502031040906508003100096020000000004700063082690284070024105000,361849257489752136572631948946528713137496825258317694715963482693284571824175369,medium,45,45,358635235
images_variant\sudoku_00005_fa_var_02.png,fa,variant,060009050000750100502031040906508003100096020000000004700063082690284070024105000,361849257489752136572631948946528713137496825258317694715963482693284571824175369,medium,45,45,358635235
images_original\sudoku_00006_en.png,en,original,002790008479001000106000090010000200205000080600452970820900010000017830700238540,352794168479861325186523497917386254245179683638452971823945716594617832761238549,medium,45,45,358635235
images_variant\sudoku_00006_en_var_00.png,en,variant,002790008479001000106000090010000200205000080600452970820900010000017830700238540,352794168479861325186523497917386254245179683638452971823945716594617832761238549,medium,45,45,358635235
images_variant\sudoku_00006_en_var_01.png,en,variant,002790008479001000106000090010000200205000080600452970820900010000017830700238540,352794168479861325186523497917386254245179683638452971823945716594617832761238549,medium,45,45,358635235
images_variant\sudoku_00006_en_var_02.png,en,variant,002790008479001000106000090010000200205000080600452970820900010000017830700238540,352794168479861325186523497917386254245179683638452971823945716594617832761238549,medium,45,45,358635235
images_original\sudoku_00006_fa.png,fa,original,002790008479001000106000090010000200205000080600452970820900010000017830700238540,352794168479861325186523497917386254245179683638452971823945716594617832761238549,medium,45,45,358635235
images_variant\sudoku_00006_fa_var_00.png,fa,variant,002790008479001000106000090010000200205000080600452970820900010000017830700238540,352794168479861325186523497917386254245179683638452971823945716594617832761238549,medium,45,45,358635235
images_variant\sudoku_00006_fa_var_01.png,fa,variant,002790008479001000106000090010000200205000080600452970820900010000017830700238540,352794168479861325186523497917386254245179683638452971823945716594617832761238549,medium,45,45,358635235
images_variant\sudoku_00006_fa_var_02.png,fa,variant,002790008479001000106000090010000200205000080600452970820900010000017830700238540,352794168479861325186523497917386254245179683638452971823945716594617832761238549,medium,45,45,358635235
images_original\sudoku_00007_en.png,en,original,000000003460702980000300250810000079079008600630075804146503000025890000000600320,257189463463752981981364257814236579579418632632975814146523798325897146798641325,medium,45,45,358635235
images_variant\sudoku_00007_en_var_00.png,en,variant,000000003460702980000300250810000079079008600630075804146503000025890000000600320,257189463463752981981364257814236579579418632632975814146523798325897146798641325,medium,45,45,358635235
images_variant\sudoku_00007_en_var_01.png,en,variant,000000003460702980000300250810000079079008600630075804146503000025890000000600320,257189463463752981981364257814236579579418632632975814146523798325897146798641325,medium,45,45,358635235
images_variant\sudoku_00007_en_var_02.png,en,variant,000000003460702980000300250810000079079008600630075804146503000025890000000600320,257189463463752981981364257814236579579418632632975814146523798325897146798641325,medium,45,45,358635235
images_original\sudoku_00007_fa.png,fa,original,000000003460702980000300250810000079079008600630075804146503000025890000000600320,257189463463752981981364257814236579579418632632975814146523798325897146798641325,medium,45,45,358635235
images_variant\sudoku_00007_fa_var_00.png,fa,variant,000000003460702980000300250810000079079008600630075804146503000025890000000600320,257189463463752981981364257814236579579418632632975814146523798325897146798641325,medium,45,45,358635235
images_variant\sudoku_00007_fa_var_01.png,fa,variant,000000003460702980000300250810000079079008600630075804146503000025890000000600320,257189463463752981981364257814236579579418632632975814146523798325897146798641325,medium,45,45,358635235
images_variant\sudoku_00007_fa_var_02.png,fa,variant,000000003460702980000300250810000079079008600630075804146503000025890000000600320,257189463463752981981364257814236579579418632632975814146523798325897146798641325,medium,45,45,358635235
images_original\sudoku_00008_en.png,en,original,060530001000000700002706043010600407096470815004850002600005900001902000820067004,967534281345218769182796543518629437296473815734851692673145928451982376829367154,medium,45,45,358635235
images_variant\sudoku_00008_en_var_00.png,en,variant,060530001000000700002706043010600407096470815004850002600005900001902000820067004,967534281345218769182796543518629437296473815734851692673145928451982376829367154,medium,45,45,358635235
images_variant\sudoku_00008_en_var_01.png,en,variant,060530001000000700002706043010600407096470815004850002600005900001902000820067004,967534281345218769182796543518629437296473815734851692673145928451982376829367154,medium,45,45,358635235
images_variant\sudoku_00008_en_var_02.png,en,variant,060530001000000700002706043010600407096470815004850002600005900001902000820067004,967534281345218769182796543518629437296473815734851692673145928451982376829367154,medium,45,45,358635235
images_original\sudoku_00008_fa.png,fa,original,060530001000000700002706043010600407096470815004850002600005900001902000820067004,967534281345218769182796543518629437296473815734851692673145928451982376829367154,medium,45,45,358635235
images_variant\sudoku_00008_fa_var_00.png,fa,variant,060530001000000700002706043010600407096470815004850002600005900001902000820067004,967534281345218769182796543518629437296473815734851692673145928451982376829367154,medium,45,45,358635235
images_variant\sudoku_00008_fa_var_01.png,fa,variant,060530001000000700002706043010600407096470815004850002600005900001902000820067004,967534281345218769182796543518629437296473815734851692673145928451982376829367154,medium,45,45,358635235
images_variant\sudoku_00008_fa_var_02.png,fa,variant,060530001000000700002706043010600407096470815004850002600005900001902000820067004,967534281345218769182796543518629437296473815734851692673145928451982376829367154,medium,45,45,358635235
images_original\sudoku_00009_en.png,en,original,608007049270500836040003000780201050002905080350670200000000000800700025100402390,638127549271594836945863172786241953412935687359678214524389761893716425167452398,medium,45,45,358635235
images_variant\sudoku_00009_en_var_00.png,en,variant,608007049270500836040003000780201050002905080350670200000000000800700025100402390,638127549271594836945863172786241953412935687359678214524389761893716425167452398,medium,45,45,358635235
images_variant\sudoku_00009_en_var_01.png,en,variant,608007049270500836040003000780201050002905080350670200000000000800700025100402390,638127549271594836945863172786241953412935687359678214524389761893716425167452398,medium,45,45,358635235
images_variant\sudoku_00009_en_var_02.png,en,variant,608007049270500836040003000780201050002905080350670200000000000800700025100402390,638127549271594836945863172786241953412935687359678214524389761893716425167452398,medium,45,45,358635235
images_original\sudoku_00009_fa.png,fa,original,608007049270500836040003000780201050002905080350670200000000000800700025100402390,638127549271594836945863172786241953412935687359678214524389761893716425167452398,medium,45,45,358635235
images_variant\sudoku_00009_fa_var_00.png,fa,variant,608007049270500836040003000780201050002905080350670200000000000800700025100402390,638127549271594836945863172786241953412935687359678214524389761893716425167452398,medium,45,45,358635235
images_variant\sudoku_00009_fa_var_01.png,fa,variant,608007049270500836040003000780201050002905080350670200000000000800700025100402390,638127549271594836945863172786241953412935687359678214524389761893716425167452398,medium,45,45,358635235
images_variant\sudoku_00009_fa_var_02.png,fa,variant,608007049270500836040003000780201050002905080350670200000000000800700025100402390,638127549271594836945863172786241953412935687359678214524389761893716425167452398,medium,45,45,358635235
images_original\sudoku_00010_en.png,en,original,108900000900075180400068902516000004092340060307506000000600243030000608609000700,168923457923475186475168932516892374892347561347516829751689243234751698689234715,medium,45,45,358635235
images_variant\sudoku_00010_en_var_00.png,en,variant,108900000900075180400068902516000004092340060307506000000600243030000608609000700,168923457923475186475168932516892374892347561347516829751689243234751698689234715,medium,45,45,358635235
images_variant\sudoku_00010_en_var_01.png,en,variant,108900000900075180400068902516000004092340060307506000000600243030000608609000700,168923457923475186475168932516892374892347561347516829751689243234751698689234715,medium,45,45,358635235
images_variant\sudoku_00010_en_var_02.png,en,variant,108900000900075180400068902516000004092340060307506000000600243030000608609000700,168923457923475186475168932516892374892347561347516829751689243234751698689234715,medium,45,45,358635235
images_original\sudoku_00010_fa.png,fa,original,108900000900075180400068902516000004092340060307506000000600243030000608609000700,168923457923475186475168932516892374892347561347516829751689243234751698689234715,medium,45,45,358635235
images_variant\sudoku_00010_fa_var_00.png,fa,variant,108900000900075180400068902516000004092340060307506000000600243030000608609000700,168923457923475186475168932516892374892347561347516829751689243234751698689234715,medium,45,45,358635235
images_variant\sudoku_00010_fa_var_01.png,fa,variant,108900000900075180400068902516000004092340060307506000000600243030000608609000700,168923457923475186475168932516892374892347561347516829751689243234751698689234715,medium,45,45,358635235
images_variant\sudoku_00010_fa_var_02.png,fa,variant,108900000900075180400068902516000004092340060307506000000600243030000608609000700,168923457923475186475168932516892374892347561347516829751689243234751698689234715,medium,45,45,358635235
images_original\sudoku_00011_en.png,en,original,001008234320070000080432000608240305135800002490500000007000050003701020260000107,751698234324175896986432571678249315135867942492513768817926453543781629269354187,medium,45,45,358635235
images_variant\sudoku_00011_en_var_00.png,en,variant,001008234320070000080432000608240305135800002490500000007000050003701020260000107,751698234324175896986432571678249315135867942492513768817926453543781629269354187,medium,45,45,358635235
images_variant\sudoku_00011_en_var_01.png,en,variant,001008234320070000080432000608240305135800002490500000007000050003701020260000107,751698234324175896986432571678249315135867942492513768817926453543781629269354187,medium,45,45,358635235
images_variant\sudoku_00011_en_var_02.png,en,variant,001008234320070000080432000608240305135800002490500000007000050003701020260000107,751698234324175896986432571678249315135867942492513768817926453543781629269354187,medium,45,45,358635235
images_original\sudoku_00011_fa.png,fa,original,001008234320070000080432000608240305135800002490500000007000050003701020260000107,751698234324175896986432571678249315135867942492513768817926453543781629269354187,medium,45,45,358635235
images_variant\sudoku_00011_fa_var_00.png,fa,variant,001008234320070000080432000608240305135800002490500000007000050003701020260000107,751698234324175896986432571678249315135867942492513768817926453543781629269354187,medium,45,45,358635235
images_variant\sudoku_00011_fa_var_01.png,fa,variant,001008234320070000080432000608240305135800002490500000007000050003701020260000107,751698234324175896986432571678249315135867942492513768817926453543781629269354187,medium,45,45,358635235
images_variant\sudoku_00011_fa_var_02.png,fa,variant,001008234320070000080432000608240305135800002490500000007000050003701020260000107,751698234324175896986432571678249315135867942492513768817926453543781629269354187,medium,45,45,358635235
images_original\sudoku_00012_en.png,en,original,900070210003001509600004030500010002040009107018000005005160900400305670160402803,954873216873621549621954738539718462246539187718246395385167924492385671167492853,medium,45,45,358635235
images_variant\sudoku_00012_en_var_00.png,en,variant,900070210003001509600004030500010002040009107018000005005160900400305670160402803,954873216873621549621954738539718462246539187718246395385167924492385671167492853,medium,45,45,358635235
images_variant\sudoku_00012_en_var_01.png,en,variant,900070210003001509600004030500010002040009107018000005005160900400305670160402803,954873216873621549621954738539718462246539187718246395385167924492385671167492853,medium,45,45,358635235
images_variant\sudoku_00012_en_var_02.png,en,variant,900070210003001509600004030500010002040009107018000005005160900400305670160402803,954873216873621549621954738539718462246539187718246395385167924492385671167492853,medium,45,45,358635235
images_original\sudoku_00012_fa.png,fa,original,900070210003001509600004030500010002040009107018000005005160900400305670160402803,954873216873621549621954738539718462246539187718246395385167924492385671167492853,medium,45,45,358635235
images_variant\sudoku_00012_fa_var_00.png,fa,variant,900070210003001509600004030500010002040009107018000005005160900400305670160402803,954873216873621549621954738539718462246539187718246395385167924492385671167492853,medium,45,45,358635235
images_variant\sudoku_00012_fa_var_01.png,fa,variant,900070210003001509600004030500010002040009107018000005005160900400305670160402803,954873216873621549621954738539718462246539187718246395385167924492385671167492853,medium,45,45,358635235
images_variant\sudoku_00012_fa_var_02.png,fa,variant,900070210003001509600004030500010002040009107018000005005160900400305670160402803,954873216873621549621954738539718462246539187718246395385167924492385671167492853,medium,45,45,358635235
images_original\sudoku_00013_en.png,en,original,040310000307090005002000070701009306209634807030000000005000001470120650028005734,546317928317892465892546173781259346259634817634781592965473281473128659128965734,medium,45,45,358635235
images_variant\sudoku_00013_en_var_00.png,en,variant,040310000307090005002000070701009306209634807030000000005000001470120650028005734,546317928317892465892546173781259346259634817634781592965473281473128659128965734,medium,45,45,358635235
images_variant\sudoku_00013_en_var_01.png,en,variant,040310000307090005002000070701009306209634807030000000005000001470120650028005734,546317928317892465892546173781259346259634817634781592965473281473128659128965734,medium,45,45,358635235
images_variant\sudoku_00013_en_var_02.png,en,variant,040310000307090005002000070701009306209634807030000000005000001470120650028005734,546317928317892465892546173781259346259634817634781592965473281473128659128965734,medium,45,45,358635235
images_original\sudoku_00013_fa.png,fa,original,040310000307090005002000070701009306209634807030000000005000001470120650028005734,546317928317892465892546173781259346259634817634781592965473281473128659128965734,medium,45,45,358635235
images_variant\sudoku_00013_fa_var_00.png,fa,variant,040310000307090005002000070701009306209634807030000000005000001470120650028005734,546317928317892465892546173781259346259634817634781592965473281473128659128965734,medium,45,45,358635235
images_variant\sudoku_00013_fa_var_01.png,fa,variant,040310000307090005002000070701009306209634807030000000005000001470120650028005734,546317928317892465892546173781259346259634817634781592965473281473128659128965734,medium,45,45,358635235
images_variant\sudoku_00013_fa_var_02.png,fa,variant,040310000307090005002000070701009306209634807030000000005000001470120650028005734,546317928317892465892546173781259346259634817634781592965473281473128659128965734,medium,45,45,358635235
images_original\sudoku_00014_en.png,en,original,007560009801703500000009703002090807000240000016030040520000070789302006060908052,237564189891723564645189723452691837378245691916837245523416978789352416164978352,medium,45,45,358635235
images_variant\sudoku_00014_en_var_00.png,en,variant,007560009801703500000009703002090807000240000016030040520000070789302006060908052,237564189891723564645189723452691837378245691916837245523416978789352416164978352,medium,45,45,358635235
images_variant\sudoku_00014_en_var_01.png,en,variant,007560009801703500000009703002090807000240000016030040520000070789302006060908052,237564189891723564645189723452691837378245691916837245523416978789352416164978352,medium,45,45,358635235
images_variant\sudoku_00014_en_var_02.png,en,variant,007560009801703500000009703002090807000240000016030040520000070789302006060908052,237564189891723564645189723452691837378245691916837245523416978789352416164978352,medium,45,45,358635235
images_original\sudoku_00014_fa.png,fa,original,007560009801703500000009703002090807000240000016030040520000070789302006060908052,237564189891723564645189723452691837378245691916837245523416978789352416164978352,medium,45,45,358635235
images_variant\sudoku_00014_fa_var_00.png,fa,variant,007560009801703500000009703002090807000240000016030040520000070789302006060908052,237564189891723564645189723452691837378245691916837245523416978789352416164978352,medium,45,45,358635235
images_variant\sudoku_00014_fa_var_01.png,fa,variant,007560009801703500000009703002090807000240000016030040520000070789302006060908052,237564189891723564645189723452691837378245691916837245523416978789352416164978352,medium,45,45,358635235
images_variant\sudoku_00014_fa_var_02.png,fa,variant,007560009801703500000009703002090807000240000016030040520000070789302006060908052,237564189891723564645189723452691837378245691916837245523416978789352416164978352,medium,45,45,358635235
images_original\sudoku_00015_en.png,en,original,000306020520497006001285047000041000070000209000500471005103082307062090000000703,749316825528497136631285947952741368174638259863529471495173682317862594286954713,medium,45,45,358635235
images_variant\sudoku_00015_en_var_00.png,en,variant,000306020520497006001285047000041000070000209000500471005103082307062090000000703,749316825528497136631285947952741368174638259863529471495173682317862594286954713,medium,45,45,358635235
images_variant\sudoku_00015_en_var_01.png,en,variant,000306020520497006001285047000041000070000209000500471005103082307062090000000703,749316825528497136631285947952741368174638259863529471495173682317862594286954713,medium,45,45,358635235
images_variant\sudoku_00015_en_var_02.png,en,variant,000306020520497006001285047000041000070000209000500471005103082307062090000000703,749316825528497136631285947952741368174638259863529471495173682317862594286954713,medium,45,45,358635235
images_original\sudoku_00015_fa.png,fa,original,000306020520497006001285047000041000070000209000500471005103082307062090000000703,749316825528497136631285947952741368174638259863529471495173682317862594286954713,medium,45,45,358635235
images_variant\sudoku_00015_fa_var_00.png,fa,variant,000306020520497006001285047000041000070000209000500471005103082307062090000000703,749316825528497136631285947952741368174638259863529471495173682317862594286954713,medium,45,45,358635235
images_variant\sudoku_00015_fa_var_01.png,fa,variant,000306020520497006001285047000041000070000209000500471005103082307062090000000703,749316825528497136631285947952741368174638259863529471495173682317862594286954713,medium,45,45,358635235
images_variant\sudoku_00015_fa_var_02.png,fa,variant,000306020520497006001285047000041000070000209000500471005103082307062090000000703,749316825528497136631285947952741368174638259863529471495173682317862594286954713,medium,45,45,358635235
images_original\sudoku_00016_en.png,en,original,017039006028170030900000000079362800236001000080090060390010040750003008800007920,517439286628175439943286175479362851236851794185794362392618547754923618861547923,medium,45,45,358635235
images_variant\sudoku_00016_en_var_00.png,en,variant,017039006028170030900000000079362800236001000080090060390010040750003008800007920,517439286628175439943286175479362851236851794185794362392618547754923618861547923,medium,45,45,358635235
images_variant\sudoku_00016_en_var_01.png,en,variant,017039006028170030900000000079362800236001000080090060390010040750003008800007920,517439286628175439943286175479362851236851794185794362392618547754923618861547923,medium,45,45,358635235
images_variant\sudoku_00016_en_var_02.png,en,variant,017039006028170030900000000079362800236001000080090060390010040750003008800007920,517439286628175439943286175479362851236851794185794362392618547754923618861547923,medium,45,45,358635235
images_original\sudoku_00016_fa.png,fa,original,017039006028170030900000000079362800236001000080090060390010040750003008800007920,517439286628175439943286175479362851236851794185794362392618547754923618861547923,medium,45,45,358635235
images_variant\sudoku_00016_fa_var_00.png,fa,variant,017039006028170030900000000079362800236001000080090060390010040750003008800007920,517439286628175439943286175479362851236851794185794362392618547754923618861547923,medium,45,45,358635235
images_variant\sudoku_00016_fa_var_01.png,fa,variant,017039006028170030900000000079362800236001000080090060390010040750003008800007920,517439286628175439943286175479362851236851794185794362392618547754923618861547923,medium,45,45,358635235
images_variant\sudoku_00016_fa_var_02.png,fa,variant,017039006028170030900000000079362800236001000080090060390010040750003008800007920,517439286628175439943286175479362851236851794185794362392618547754923618861547923,medium,45,45,358635235
images_original\sudoku_00017_en.png,en,original,009300070410850003060407000570093200000508030093120005005000000980201007231740800,859362174417859623362417598578693241124578936693124785745986312986231457231745869,medium,45,45,358635235
images_variant\sudoku_00017_en_var_00.png,en,variant,009300070410850003060407000570093200000508030093120005005000000980201007231740800,859362174417859623362417598578693241124578936693124785745986312986231457231745869,medium,45,45,358635235
images_variant\sudoku_00017_en_var_01.png,en,variant,009300070410850003060407000570093200000508030093120005005000000980201007231740800,859362174417859623362417598578693241124578936693124785745986312986231457231745869,medium,45,45,358635235
images_variant\sudoku_00017_en_var_02.png,en,variant,009300070410850003060407000570093200000508030093120005005000000980201007231740800,859362174417859623362417598578693241124578936693124785745986312986231457231745869,medium,45,45,358635235
images_original\sudoku_00017_fa.png,fa,original,009300070410850003060407000570093200000508030093120005005000000980201007231740800,859362174417859623362417598578693241124578936693124785745986312986231457231745869,medium,45,45,358635235
images_variant\sudoku_00017_fa_var_00.png,fa,variant,009300070410850003060407000570093200000508030093120005005000000980201007231740800,859362174417859623362417598578693241124578936693124785745986312986231457231745869,medium,45,45,358635235
images_variant\sudoku_00017_fa_var_01.png,fa,variant,009300070410850003060407000570093200000508030093120005005000000980201007231740800,859362174417859623362417598578693241124578936693124785745986312986231457231745869,medium,45,45,358635235
images_variant\sudoku_00017_fa_var_02.png,fa,variant,009300070410850003060407000570093200000508030093120005005000000980201007231740800,859362174417859623362417598578693241124578936693124785745986312986231457231745869,medium,45,45,358635235
images_original\sudoku_00018_en.png,en,original,000000001730950000095000430000004005403005270589026314047000060300080000968472100,826347591734951628195268437672134985413895276589726314247513869351689742968472153,medium,45,45,358635235
images_variant\sudoku_00018_en_var_00.png,en,variant,000000001730950000095000430000004005403005270589026314047000060300080000968472100,826347591734951628195268437672134985413895276589726314247513869351689742968472153,medium,45,45,358635235
images_variant\sudoku_00018_en_var_01.png,en,variant,000000001730950000095000430000004005403005270589026314047000060300080000968472100,826347591734951628195268437672134985413895276589726314247513869351689742968472153,medium,45,45,358635235
images_variant\sudoku_00018_en_var_02.png,en,variant,000000001730950000095000430000004005403005270589026314047000060300080000968472100,826347591734951628195268437672134985413895276589726314247513869351689742968472153,medium,45,45,358635235
images_original\sudoku_00018_fa.png,fa,original,000000001730950000095000430000004005403005270589026314047000060300080000968472100,826347591734951628195268437672134985413895276589726314247513869351689742968472153,medium,45,45,358635235
images_variant\sudoku_00018_fa_var_00.png,fa,variant,000000001730950000095000430000004005403005270589026314047000060300080000968472100,826347591734951628195268437672134985413895276589726314247513869351689742968472153,medium,45,45,358635235
images_variant\sudoku_00018_fa_var_01.png,fa,variant,000000001730950000095000430000004005403005270589026314047000060300080000968472100,826347591734951628195268437672134985413895276589726314247513869351689742968472153,medium,45,45,358635235
images_variant\sudoku_00018_fa_var_02.png,fa,variant,000000001730950000095000430000004005403005270589026314047000060300080000968472100,826347591734951628195268437672134985413895276589726314247513869351689742968472153,medium,45,45,358635235
images_original\sudoku_00019_en.png,en,original,470003900000470300650019200190700000030094000006530419005381790907060030080007000,472653981819472365653819247194726853538194672726538419265381794947265138381947526,medium,45,45,358635235
images_variant\sudoku_00019_en_var_00.png,en,variant,470003900000470300650019200190700000030094000006530419005381790907060030080007000,472653981819472365653819247194726853538194672726538419265381794947265138381947526,medium,45,45,358635235
images_variant\sudoku_00019_en_var_01.png,en,variant,470003900000470300650019200190700000030094000006530419005381790907060030080007000,472653981819472365653819247194726853538194672726538419265381794947265138381947526,medium,45,45,358635235
images_variant\sudoku_00019_en_var_02.png,en,variant,470003900000470300650019200190700000030094000006530419005381790907060030080007000,472653981819472365653819247194726853538194672726538419265381794947265138381947526,medium,45,45,358635235
images_original\sudoku_00019_fa.png,fa,original,470003900000470300650019200190700000030094000006530419005381790907060030080007000,472653981819472365653819247194726853538194672726538419265381794947265138381947526,medium,45,45,358635235
images_variant\sudoku_00019_fa_var_00.png,fa,variant,470003900000470300650019200190700000030094000006530419005381790907060030080007000,472653981819472365653819247194726853538194672726538419265381794947265138381947526,medium,45,45,358635235
images_variant\sudoku_00019_fa_var_01.png,fa,variant,470003900000470300650019200190700000030094000006530419005381790907060030080007000,472653981819472365653819247194726853538194672726538419265381794947265138381947526,medium,45,45,358635235
images_variant\sudoku_00019_fa_var_02.png,fa,variant,470003900000470300650019200190700000030094000006530419005381790907060030080007000,472653981819472365653819247194726853538194672726538419265381794947265138381947526,medium,45,45,358635235
images_original\sudoku_00020_en.png,en,original,230908461400005090700040205100400020500280076009016540600100000000502607950007000,235978461461325798798641235176453829543289176829716543687134952314592687952867314,medium,45,45,358635235
images_variant\sudoku_00020_en_var_00.png,en,variant,230908461400005090700040205100400020500280076009016540600100000000502607950007000,235978461461325798798641235176453829543289176829716543687134952314592687952867314,medium,45,45,358635235
images_variant\sudoku_00020_en_var_01.png,en,variant,230908461400005090700040205100400020500280076009016540600100000000502607950007000,235978461461325798798641235176453829543289176829716543687134952314592687952867314,medium,45,45,358635235
images_variant\sudoku_00020_en_var_02.png,en,variant,230908461400005090700040205100400020500280076009016540600100000000502607950007000,235978461461325798798641235176453829543289176829716543687134952314592687952867314,medium,45,45,358635235
images_original\sudoku_00020_fa.png,fa,original,230908461400005090700040205100400020500280076009016540600100000000502607950007000,235978461461325798798641235176453829543289176829716543687134952314592687952867314,medium,45,45,358635235
images_variant\sudoku_00020_fa_var_00.png,fa,variant,230908461400005090700040205100400020500280076009016540600100000000502607950007000,235978461461325798798641235176453829543289176829716543687134952314592687952867314,medium,45,45,358635235
images_variant\sudoku_00020_fa_var_01.png,fa,variant,230908461400005090700040205100400020500280076009016540600100000000502607950007000,235978461461325798798641235176453829543289176829716543687134952314592687952867314,medium,45,45,358635235
images_variant\sudoku_00020_fa_var_02.png,fa,variant,230908461400005090700040205100400020500280076009016540600100000000502607950007000,235978461461325798798641235176453829543289176829716543687134952314592687952867314,medium,45,45,358635235
images_original\sudoku_00021_en.png,en,original,008620001620009850030000006003010000910040360040763509004006073086371090000500600,458627931627139854139458726763915248915842367842763519594286173286371495371594682,medium,45,45,358635235
images_variant\sudoku_00021_en_var_00.png,en,variant,008620001620009850030000006003010000910040360040763509004006073086371090000500600,458627931627139854139458726763915248915842367842763519594286173286371495371594682,medium,45,45,358635235
images_variant\sudoku_00021_en_var_01.png,en,variant,008620001620009850030000006003010000910040360040763509004006073086371090000500600,458627931627139854139458726763915248915842367842763519594286173286371495371594682,medium,45,45,358635235
images_variant\sudoku_00021_en_var_02.png,en,variant,008620001620009850030000006003010000910040360040763509004006073086371090000500600,458627931627139854139458726763915248915842367842763519594286173286371495371594682,medium,45,45,358635235
images_original\sudoku_00021_fa.png,fa,original,008620001620009850030000006003010000910040360040763509004006073086371090000500600,458627931627139854139458726763915248915842367842763519594286173286371495371594682,medium,45,45,358635235
images_variant\sudoku_00021_fa_var_00.png,fa,variant,008620001620009850030000006003010000910040360040763509004006073086371090000500600,458627931627139854139458726763915248915842367842763519594286173286371495371594682,medium,45,45,358635235
images_variant\sudoku_00021_fa_var_01.png,fa,variant,008620001620009850030000006003010000910040360040763509004006073086371090000500600,458627931627139854139458726763915248915842367842763519594286173286371495371594682,medium,45,45,358635235
images_variant\sudoku_00021_fa_var_02.png,fa,variant,008620001620009850030000006003010000910040360040763509004006073086371090000500600,458627931627139854139458726763915248915842367842763519594286173286371495371594682,medium,45,45,358635235
images_original\sudoku_00022_en.png,en,original,400320008000007960805000210000070632000260105036008000003080420000105000790642351,469321578312857964875496213581974632947263185236518749153789426624135897798642351,medium,45,45,358635235
images_variant\sudoku_00022_en_var_00.png,en,variant,400320008000007960805000210000070632000260105036008000003080420000105000790642351,469321578312857964875496213581974632947263185236518749153789426624135897798642351,medium,45,45,358635235
images_variant\sudoku_00022_en_var_01.png,en,variant,400320008000007960805000210000070632000260105036008000003080420000105000790642351,469321578312857964875496213581974632947263185236518749153789426624135897798642351,medium,45,45,358635235
images_variant\sudoku_00022_en_var_02.png,en,variant,400320008000007960805000210000070632000260105036008000003080420000105000790642351,469321578312857964875496213581974632947263185236518749153789426624135897798642351,medium,45,45,358635235
images_original\sudoku_00022_fa.png,fa,original,400320008000007960805000210000070632000260105036008000003080420000105000790642351,469321578312857964875496213581974632947263185236518749153789426624135897798642351,medium,45,45,358635235
images_variant\sudoku_00022_fa_var_00.png,fa,variant,400320008000007960805000210000070632000260105036008000003080420000105000790642351,469321578312857964875496213581974632947263185236518749153789426624135897798642351,medium,45,45,358635235
images_variant\sudoku_00022_fa_var_01.png,fa,variant,400320008000007960805000210000070632000260105036008000003080420000105000790642351,469321578312857964875496213581974632947263185236518749153789426624135897798642351,medium,45,45,358635235
images_variant\sudoku_00022_fa_var_02.png,fa,variant,400320008000007960805000210000070632000260105036008000003080420000105000790642351,469321578312857964875496213581974632947263185236518749153789426624135897798642351,medium,45,45,358635235
images_original\sudoku_00023_en.png,en,original,690720100050401900408600502070000000000357421201000030520100307907040010006000250,693725148752481963418639572375214689869357421241896735524168397937542816186973254,medium,45,45,358635235
images_variant\sudoku_00023_en_var_00.png,en,variant,690720100050401900408600502070000000000357421201000030520100307907040010006000250,693725148752481963418639572375214689869357421241896735524168397937542816186973254,medium,45,45,358635235
images_variant\sudoku_00023_en_var_01.png,en,variant,690720100050401900408600502070000000000357421201000030520100307907040010006000250,693725148752481963418639572375214689869357421241896735524168397937542816186973254,medium,45,45,358635235
images_variant\sudoku_00023_en_var_02.png,en,variant,690720100050401900408600502070000000000357421201000030520100307907040010006000250,693725148752481963418639572375214689869357421241896735524168397937542816186973254,medium,45,45,358635235
images_original\sudoku_00023_fa.png,fa,original,690720100050401900408600502070000000000357421201000030520100307907040010006000250,693725148752481963418639572375214689869357421241896735524168397937542816186973254,medium,45,45,358635235
images_variant\sudoku_00023_fa_var_00.png,fa,variant,690720100050401900408600502070000000000357421201000030520100307907040010006000250,693725148752481963418639572375214689869357421241896735524168397937542816186973254,medium,45,45,358635235
images_variant\sudoku_00023_fa_var_01.png,fa,variant,690720100050401900408600502070000000000357421201000030520100307907040010006000250,693725148752481963418639572375214689869357421241896735524168397937542816186973254,medium,45,45,358635235
images_variant\sudoku_00023_fa_var_02.png,fa,variant,690720100050401900408600502070000000000357421201000030520100307907040010006000250,693725148752481963418639572375214689869357421241896735524168397937542816186973254,medium,45,45,358635235
images_original\sudoku_00024_en.png,en,original,000000010015030008807500604083900045000380920709045080052400000104073259300000400,436798512215634798897512634683927145541386927729145386952461873164873259378259461,medium,45,45,358635235
images_variant\sudoku_00024_en_var_00.png,en,variant,000000010015030008807500604083900045000380920709045080052400000104073259300000400,436798512215634798897512634683927145541386927729145386952461873164873259378259461,medium,45,45,358635235
images_variant\sudoku_00024_en_var_01.png,en,variant,000000010015030008807500604083900045000380920709045080052400000104073259300000400,436798512215634798897512634683927145541386927729145386952461873164873259378259461,medium,45,45,358635235
images_variant\sudoku_00024_en_var_02.png,en,variant,000000010015030008807500604083900045000380920709045080052400000104073259300000400,436798512215634798897512634683927145541386927729145386952461873164873259378259461,medium,45,45,358635235
images_original\sudoku_00024_fa.png,fa,original,000000010015030008807500604083900045000380920709045080052400000104073259300000400,436798512215634798897512634683927145541386927729145386952461873164873259378259461,medium,45,45,358635235
images_variant\sudoku_00024_fa_var_00.png,fa,variant,000000010015030008807500604083900045000380920709045080052400000104073259300000400,436798512215634798897512634683927145541386927729145386952461873164873259378259461,medium,45,45,358635235
images_variant\sudoku_00024_fa_var_01.png,fa,variant,000000010015030008807500604083900045000380920709045080052400000104073259300000400,436798512215634798897512634683927145541386927729145386952461873164873259378259461,medium,45,45,358635235
images_variant\sudoku_00024_fa_var_02.png,fa,variant,000000010015030008807500604083900045000380920709045080052400000104073259300000400,436798512215634798897512634683927145541386927729145386952461873164873259378259461,medium,45,45,358635235
images_original\sudoku_00025_en.png,en,original,580000062120000300040612598038060020000070600000295700403109800201007006070340000,589734162126958374347612598738461925952873641614295783463129857291587436875346219,medium,45,45,358635235
images_variant\sudoku_00025_en_var_00.png,en,variant,580000062120000300040612598038060020000070600000295700403109800201007006070340000,589734162126958374347612598738461925952873641614295783463129857291587436875346219,medium,45,45,358635235
images_variant\sudoku_00025_en_var_01.png,en,variant,580000062120000300040612598038060020000070600000295700403109800201007006070340000,589734162126958374347612598738461925952873641614295783463129857291587436875346219,medium,45,45,358635235
images_variant\sudoku_00025_en_var_02.png,en,variant,580000062120000300040612598038060020000070600000295700403109800201007006070340000,589734162126958374347612598738461925952873641614295783463129857291587436875346219,medium,45,45,358635235
images_original\sudoku_00025_fa.png,fa,original,580000062120000300040612598038060020000070600000295700403109800201007006070340000,589734162126958374347612598738461925952873641614295783463129857291587436875346219,medium,45,45,358635235
images_variant\sudoku_00025_fa_var_00.png,fa,variant,580000062120000300040612598038060020000070600000295700403109800201007006070340000,589734162126958374347612598738461925952873641614295783463129857291587436875346219,medium,45,45,358635235
images_variant\sudoku_00025_fa_var_01.png,fa,variant,580000062120000300040612598038060020000070600000295700403109800201007006070340000,589734162126958374347612598738461925952873641614295783463129857291587436875346219,medium,45,45,358635235
images_variant\sudoku_00025_fa_var_02.png,fa,variant,580000062120000300040612598038060020000070600000295700403109800201007006070340000,589734162126958374347612598738461925952873641614295783463129857291587436875346219,medium,45,45,358635235
images_original\sudoku_00026_en.png,en,original,070508006060070003000009127000000000005080260690000438006907015103840702907103600,271538946469271853538469127384692571715384269692715438846927315153846792927153684,medium,45,45,358635235
images_variant\sudoku_00026_en_var_00.png,en,variant,070508006060070003000009127000000000005080260690000438006907015103840702907103600,271538946469271853538469127384692571715384269692715438846927315153846792927153684,medium,45,45,358635235
images_variant\sudoku_00026_en_var_01.png,en,variant,070508006060070003000009127000000000005080260690000438006907015103840702907103600,271538946469271853538469127384692571715384269692715438846927315153846792927153684,medium,45,45,358635235
images_variant\sudoku_00026_en_var_02.png,en,variant,070508006060070003000009127000000000005080260690000438006907015103840702907103600,271538946469271853538469127384692571715384269692715438846927315153846792927153684,medium,45,45,358635235
images_original\sudoku_00026_fa.png,fa,original,070508006060070003000009127000000000005080260690000438006907015103840702907103600,271538946469271853538469127384692571715384269692715438846927315153846792927153684,medium,45,45,358635235
images_variant\sudoku_00026_fa_var_00.png,fa,variant,070508006060070003000009127000000000005080260690000438006907015103840702907103600,271538946469271853538469127384692571715384269692715438846927315153846792927153684,medium,45,45,358635235
images_variant\sudoku_00026_fa_var_01.png,fa,variant,070508006060070003000009127000000000005080260690000438006907015103840702907103600,271538946469271853538469127384692571715384269692715438846927315153846792927153684,medium,45,45,358635235
images_variant\sudoku_00026_fa_var_02.png,fa,variant,070508006060070003000009127000000000005080260690000438006907015103840702907103600,271538946469271853538469127384692571715384269692715438846927315153846792927153684,medium,45,45,358635235
images_original\sudoku_00027_en.png,en,original,020000004000034902000950861000180000004203000851070293095000300086327500203019000,529861734618734952347952861932185476764293185851476293195648327486327519273519648,medium,45,45,358635235
images_variant\sudoku_00027_en_var_00.png,en,variant,020000004000034902000950861000180000004203000851070293095000300086327500203019000,529861734618734952347952861932185476764293185851476293195648327486327519273519648,medium,45,45,358635235
images_variant\sudoku_00027_en_var_01.png,en,variant,020000004000034902000950861000180000004203000851070293095000300086327500203019000,529861734618734952347952861932185476764293185851476293195648327486327519273519648,medium,45,45,358635235
images_variant\sudoku_00027_en_var_02.png,en,variant,020000004000034902000950861000180000004203000851070293095000300086327500203019000,529861734618734952347952861932185476764293185851476293195648327486327519273519648,medium,45,45,358635235
images_original\sudoku_00027_fa.png,fa,original,020000004000034902000950861000180000004203000851070293095000300086327500203019000,529861734618734952347952861932185476764293185851476293195648327486327519273519648,medium,45,45,358635235
images_variant\sudoku_00027_fa_var_00.png,fa,variant,020000004000034902000950861000180000004203000851070293095000300086327500203019000,529861734618734952347952861932185476764293185851476293195648327486327519273519648,medium,45,45,358635235
images_variant\sudoku_00027_fa_var_01.png,fa,variant,020000004000034902000950861000180000004203000851070293095000300086327500203019000,529861734618734952347952861932185476764293185851476293195648327486327519273519648,medium,45,45,358635235
images_variant\sudoku_00027_fa_var_02.png,fa,variant,020000004000034902000950861000180000004203000851070293095000300086327500203019000,529861734618734952347952861932185476764293185851476293195648327486327519273519648,medium,45,45,358635235
images_original\sudoku_00028_en.png,en,original,230010000057000004910708006600184005480020000705000040002000008108065439309870600,236419587857632194914758326693184275481527963725396841562943718178265439349871652,medium,45,45,358635235
images_variant\sudoku_00028_en_var_00.png,en,variant,230010000057000004910708006600184005480020000705000040002000008108065439309870600,236419587857632194914758326693184275481527963725396841562943718178265439349871652,medium,45,45,358635235
images_variant\sudoku_00028_en_var_01.png,en,variant,230010000057000004910708006600184005480020000705000040002000008108065439309870600,236419587857632194914758326693184275481527963725396841562943718178265439349871652,medium,45,45,358635235
images_variant\sudoku_00028_en_var_02.png,en,variant,230010000057000004910708006600184005480020000705000040002000008108065439309870600,236419587857632194914758326693184275481527963725396841562943718178265439349871652,medium,45,45,358635235
images_original\sudoku_00028_fa.png,fa,original,230010000057000004910708006600184005480020000705000040002000008108065439309870600,236419587857632194914758326693184275481527963725396841562943718178265439349871652,medium,45,45,358635235
images_variant\sudoku_00028_fa_var_00.png,fa,variant,230010000057000004910708006600184005480020000705000040002000008108065439309870600,236419587857632194914758326693184275481527963725396841562943718178265439349871652,medium,45,45,358635235
images_variant\sudoku_00028_fa_var_01.png,fa,variant,230010000057000004910708006600184005480020000705000040002000008108065439309870600,236419587857632194914758326693184275481527963725396841562943718178265439349871652,medium,45,45,358635235
images_variant\sudoku_00028_fa_var_02.png,fa,variant,230010000057000004910708006600184005480020000705000040002000008108065439309870600,236419587857632194914758326693184275481527963725396841562943718178265439349871652,medium,45,45,358635235
images_original\sudoku_00029_en.png,en,original,000003050000204306730850000469008005000010600025906000853029060091007503004005021,942673158518294376736851492469738215387512649125946837853129764291467583674385921,medium,45,45,358635235
images_variant\sudoku_00029_en_var_00.png,en,variant,000003050000204306730850000469008005000010600025906000853029060091007503004005021,942673158518294376736851492469738215387512649125946837853129764291467583674385921,medium,45,45,358635235
images_variant\sudoku_00029_en_var_01.png,en,variant,000003050000204306730850000469008005000010600025906000853029060091007503004005021,942673158518294376736851492469738215387512649125946837853129764291467583674385921,medium,45,45,358635235
images_variant\sudoku_00029_en_var_02.png,en,variant,000003050000204306730850000469008005000010600025906000853029060091007503004005021,942673158518294376736851492469738215387512649125946837853129764291467583674385921,medium,45,45,358635235
images_original\sudoku_00029_fa.png,fa,original,000003050000204306730850000469008005000010600025906000853029060091007503004005021,942673158518294376736851492469738215387512649125946837853129764291467583674385921,medium,45,45,358635235
images_variant\sudoku_00029_fa_var_00.png,fa,variant,000003050000204306730850000469008005000010600025906000853029060091007503004005021,942673158518294376736851492469738215387512649125946837853129764291467583674385921,medium,45,45,358635235
images_variant\sudoku_00029_fa_var_01.png,fa,variant,000003050000204306730850000469008005000010600025906000853029060091007503004005021,942673158518294376736851492469738215387512649125946837853129764291467583674385921,medium,45,45,358635235
images_variant\sudoku_00029_fa_var_02.png,fa,variant,000003050000204306730850000469008005000010600025906000853029060091007503004005021,942673158518294376736851492469738215387512649125946837853129764291467583674385921,medium,45,45,358635235
images_original\sudoku_00030_en.png,en,original,574002980930450100026090040802005671617000000000000009200904756005000000300506010,574612983938457162126893547892345671617289435453761829281934756765128394349576218,medium,45,45,358635235
images_variant\sudoku_00030_en_var_00.png,en,variant,574002980930450100026090040802005671617000000000000009200904756005000000300506010,574612983938457162126893547892345671617289435453761829281934756765128394349576218,medium,45,45,358635235
images_variant\sudoku_00030_en_var_01.png,en,variant,574002980930450100026090040802005671617000000000000009200904756005000000300506010,574612983938457162126893547892345671617289435453761829281934756765128394349576218,medium,45,45,358635235
images_variant\sudoku_00030_en_var_02.png,en,variant,574002980930450100026090040802005671617000000000000009200904756005000000300506010,574612983938457162126893547892345671617289435453761829281934756765128394349576218,medium,45,45,358635235
images_original\sudoku_00030_fa.png,fa,original,574002980930450100026090040802005671617000000000000009200904756005000000300506010,574612983938457162126893547892345671617289435453761829281934756765128394349576218,medium,45,45,358635235
images_variant\sudoku_00030_fa_var_00.png,fa,variant,574002980930450100026090040802005671617000000000000009200904756005000000300506010,574612983938457162126893547892345671617289435453761829281934756765128394349576218,medium,45,45,358635235
images_variant\sudoku_00030_fa_var_01.png,fa,variant,574002980930450100026090040802005671617000000000000009200904756005000000300506010,574612983938457162126893547892345671617289435453761829281934756765128394349576218,medium,45,45,358635235
images_variant\sudoku_00030_fa_var_02.png,fa,variant,574002980930450100026090040802005671617000000000000009200904756005000000300506010,574612983938457162126893547892345671617289435453761829281934756765128394349576218,medium,45,45,358635235
images_original\sudoku_00031_en.png,en,original,006000004001058900504039071000900002130047569050010000000006080263701000010590623,396172854721458936584639271478965312132847569659213748945326187263781495817594623,medium,45,45,358635235
images_variant\sudoku_00031_en_var_00.png,en,variant,006000004001058900504039071000900002130047569050010000000006080263701000010590623,396172854721458936584639271478965312132847569659213748945326187263781495817594623,medium,45,45,358635235
images_variant\sudoku_00031_en_var_01.png,en,variant,006000004001058900504039071000900002130047569050010000000006080263701000010590623,396172854721458936584639271478965312132847569659213748945326187263781495817594623,medium,45,45,358635235
images_variant\sudoku_00031_en_var_02.png,en,variant,006000004001058900504039071000900002130047569050010000000006080263701000010590623,396172854721458936584639271478965312132847569659213748945326187263781495817594623,medium,45,45,358635235
images_original\sudoku_00031_fa.png,fa,original,006000004001058900504039071000900002130047569050010000000006080263701000010590623,396172854721458936584639271478965312132847569659213748945326187263781495817594623,medium,45,45,358635235
images_variant\sudoku_00031_fa_var_00.png,fa,variant,006000004001058900504039071000900002130047569050010000000006080263701000010590623,396172854721458936584639271478965312132847569659213748945326187263781495817594623,medium,45,45,358635235
images_variant\sudoku_00031_fa_var_01.png,fa,variant,006000004001058900504039071000900002130047569050010000000006080263701000010590623,396172854721458936584639271478965312132847569659213748945326187263781495817594623,medium,45,45,358635235
images_variant\sudoku_00031_fa_var_02.png,fa,variant,006000004001058900504039071000900002130047569050010000000006080263701000010590623,396172854721458936584639271478965312132847569659213748945326187263781495817594623,medium,45,45,358635235
images_original\sudoku_00032_en.png,en,original,405800007609201034700045000800000000396180400000006018142003000503708241000002300,435869127689271534721345986817524693396187452254936718142653879563798241978412365,medium,45,45,358635235
images_variant\sudoku_00032_en_var_00.png,en,variant,405800007609201034700045000800000000396180400000006018142003000503708241000002300,435869127689271534721345986817524693396187452254936718142653879563798241978412365,medium,45,45,358635235
images_variant\sudoku_00032_en_var_01.png,en,variant,405800007609201034700045000800000000396180400000006018142003000503708241000002300,435869127689271534721345986817524693396187452254936718142653879563798241978412365,medium,45,45,358635235
images_variant\sudoku_00032_en_var_02.png,en,variant,405800007609201034700045000800000000396180400000006018142003000503708241000002300,435869127689271534721345986817524693396187452254936718142653879563798241978412365,medium,45,45,358635235
images_original\sudoku_00032_fa.png,fa,original,405800007609201034700045000800000000396180400000006018142003000503708241000002300,435869127689271534721345986817524693396187452254936718142653879563798241978412365,medium,45,45,358635235
images_variant\sudoku_00032_fa_var_00.png,fa,variant,405800007609201034700045000800000000396180400000006018142003000503708241000002300,435869127689271534721345986817524693396187452254936718142653879563798241978412365,medium,45,45,358635235
images_variant\sudoku_00032_fa_var_01.png,fa,variant,405800007609201034700045000800000000396180400000006018142003000503708241000002300,435869127689271534721345986817524693396187452254936718142653879563798241978412365,medium,45,45,358635235
images_variant\sudoku_00032_fa_var_02.png,fa,variant,405800007609201034700045000800000000396180400000006018142003000503708241000002300,435869127689271534721345986817524693396187452254936718142653879563798241978412365,medium,45,45,358635235
images_original\sudoku_00033_en.png,en,original,009000810762030549000000060190250000630900425000370108951040086086010000200000900,549627813762138549813495762198254637637981425425376198951742386386519274274863951,medium,45,45,358635235
images_variant\sudoku_00033_en_var_00.png,en,variant,009000810762030549000000060190250000630900425000370108951040086086010000200000900,549627813762138549813495762198254637637981425425376198951742386386519274274863951,medium,45,45,358635235
images_variant\sudoku_00033_en_var_01.png,en,variant,009000810762030549000000060190250000630900425000370108951040086086010000200000900,549627813762138549813495762198254637637981425425376198951742386386519274274863951,medium,45,45,358635235
images_variant\sudoku_00033_en_var_02.png,en,variant,009000810762030549000000060190250000630900425000370108951040086086010000200000900,549627813762138549813495762198254637637981425425376198951742386386519274274863951,medium,45,45,358635235
images_original\sudoku_00033_fa.png,fa,original,009000810762030549000000060190250000630900425000370108951040086086010000200000900,549627813762138549813495762198254637637981425425376198951742386386519274274863951,medium,45,45,358635235
images_variant\sudoku_00033_fa_var_00.png,fa,variant,009000810762030549000000060190250000630900425000370108951040086086010000200000900,549627813762138549813495762198254637637981425425376198951742386386519274274863951,medium,45,45,358635235
images_variant\sudoku_00033_fa_var_01.png,fa,variant,009000810762030549000000060190250000630900425000370108951040086086010000200000900,549627813762138549813495762198254637637981425425376198951742386386519274274863951,medium,45,45,358635235
images_variant\sudoku_00033_fa_var_02.png,fa,variant,009000810762030549000000060190250000630900425000370108951040086086010000200000900,549627813762138549813495762198254637637981425425376198951742386386519274274863951,medium,45,45,358635235
images_original\sudoku_00034_en.png,en,original,000004306002175490009063000058009000030801964940700080090027840000306050000010630,571984326362175498489263517158649273237851964946732185693527841814396752725418639,medium,45,45,358635235
images_variant\sudoku_00034_en_var_00.png,en,variant,000004306002175490009063000058009000030801964940700080090027840000306050000010630,571984326362175498489263517158649273237851964946732185693527841814396752725418639,medium,45,45,358635235
images_variant\sudoku_00034_en_var_01.png,en,variant,000004306002175490009063000058009000030801964940700080090027840000306050000010630,571984326362175498489263517158649273237851964946732185693527841814396752725418639,medium,45,45,358635235
images_variant\sudoku_00034_en_var_02.png,en,variant,000004306002175490009063000058009000030801964940700080090027840000306050000010630,571984326362175498489263517158649273237851964946732185693527841814396752725418639,medium,45,45,358635235
images_original\sudoku_00034_fa.png,fa,original,000004306002175490009063000058009000030801964940700080090027840000306050000010630,571984326362175498489263517158649273237851964946732185693527841814396752725418639,medium,45,45,358635235
images_variant\sudoku_00034_fa_var_00.png,fa,variant,000004306002175490009063000058009000030801964940700080090027840000306050000010630,571984326362175498489263517158649273237851964946732185693527841814396752725418639,medium,45,45,358635235
images_variant\sudoku_00034_fa_var_01.png,fa,variant,000004306002175490009063000058009000030801964940700080090027840000306050000010630,571984326362175498489263517158649273237851964946732185693527841814396752725418639,medium,45,45,358635235
images_variant\sudoku_00034_fa_var_02.png,fa,variant,000004306002175490009063000058009000030801964940700080090027840000306050000010630,571984326362175498489263517158649273237851964946732185693527841814396752725418639,medium,45,45,358635235
images_original\sudoku_00035_en.png,en,original,100004080400507001058930260030670000080002600560809040000003050012050708045090103,193264587426587931758931264234675819981342675567819342879123456312456798645798123,medium,45,45,358635235
images_variant\sudoku_00035_en_var_00.png,en,variant,100004080400507001058930260030670000080002600560809040000003050012050708045090103,193264587426587931758931264234675819981342675567819342879123456312456798645798123,medium,45,45,358635235
images_variant\sudoku_00035_en_var_01.png,en,variant,100004080400507001058930260030670000080002600560809040000003050012050708045090103,193264587426587931758931264234675819981342675567819342879123456312456798645798123,medium,45,45,358635235
images_variant\sudoku_00035_en_var_02.png,en,variant,100004080400507001058930260030670000080002600560809040000003050012050708045090103,193264587426587931758931264234675819981342675567819342879123456312456798645798123,medium,45,45,358635235
images_original\sudoku_00035_fa.png,fa,original,100004080400507001058930260030670000080002600560809040000003050012050708045090103,193264587426587931758931264234675819981342675567819342879123456312456798645798123,medium,45,45,358635235
images_variant\sudoku_00035_fa_var_00.png,fa,variant,100004080400507001058930260030670000080002600560809040000003050012050708045090103,193264587426587931758931264234675819981342675567819342879123456312456798645798123,medium,45,45,358635235
images_variant\sudoku_00035_fa_var_01.png,fa,variant,100004080400507001058930260030670000080002600560809040000003050012050708045090103,193264587426587931758931264234675819981342675567819342879123456312456798645798123,medium,45,45,358635235
images_variant\sudoku_00035_fa_var_02.png,fa,variant,100004080400507001058930260030670000080002600560809040000003050012050708045090103,193264587426587931758931264234675819981342675567819342879123456312456798645798123,medium,45,45,358635235
images_original\sudoku_00036_en.png,en,original,000960302050030000082741000008000040945026000031594008000057806004089003890300500,417965382659238417382741659268173945945826731731594268123457896574689123896312574,medium,45,45,358635235
images_variant\sudoku_00036_en_var_00.png,en,variant,000960302050030000082741000008000040945026000031594008000057806004089003890300500,417965382659238417382741659268173945945826731731594268123457896574689123896312574,medium,45,45,358635235
images_variant\sudoku_00036_en_var_01.png,en,variant,000960302050030000082741000008000040945026000031594008000057806004089003890300500,417965382659238417382741659268173945945826731731594268123457896574689123896312574,medium,45,45,358635235
images_variant\sudoku_00036_en_var_02.png,en,variant,000960302050030000082741000008000040945026000031594008000057806004089003890300500,417965382659238417382741659268173945945826731731594268123457896574689123896312574,medium,45,45,358635235
images_original\sudoku_00036_fa.png,fa,original,000960302050030000082741000008000040945026000031594008000057806004089003890300500,417965382659238417382741659268173945945826731731594268123457896574689123896312574,medium,45,45,358635235
images_variant\sudoku_00036_fa_var_00.png,fa,variant,000960302050030000082741000008000040945026000031594008000057806004089003890300500,417965382659238417382741659268173945945826731731594268123457896574689123896312574,medium,45,45,358635235
images_variant\sudoku_00036_fa_var_01.png,fa,variant,000960302050030000082741000008000040945026000031594008000057806004089003890300500,417965382659238417382741659268173945945826731731594268123457896574689123896312574,medium,45,45,358635235
images_variant\sudoku_00036_fa_var_02.png,fa,variant,000960302050030000082741000008000040945026000031594008000057806004089003890300500,417965382659238417382741659268173945945826731731594268123457896574689123896312574,medium,45,45,358635235
images_original\sudoku_00037_en.png,en,original,100080009006009000570003826900308200000000030308027594705091080401800600032065000,143286759286579413579143826954318267627954138318627594765491382491832675832765941,medium,45,45,358635235
images_variant\sudoku_00037_en_var_00.png,en,variant,100080009006009000570003826900308200000000030308027594705091080401800600032065000,143286759286579413579143826954318267627954138318627594765491382491832675832765941,medium,45,45,358635235
images_variant\sudoku_00037_en_var_01.png,en,variant,100080009006009000570003826900308200000000030308027594705091080401800600032065000,143286759286579413579143826954318267627954138318627594765491382491832675832765941,medium,45,45,358635235
images_variant\sudoku_00037_en_var_02.png,en,variant,100080009006009000570003826900308200000000030308027594705091080401800600032065000,143286759286579413579143826954318267627954138318627594765491382491832675832765941,medium,45,45,358635235
images_original\sudoku_00037_fa.png,fa,original,100080009006009000570003826900308200000000030308027594705091080401800600032065000,143286759286579413579143826954318267627954138318627594765491382491832675832765941,medium,45,45,358635235
images_variant\sudoku_00037_fa_var_00.png,fa,variant,100080009006009000570003826900308200000000030308027594705091080401800600032065000,143286759286579413579143826954318267627954138318627594765491382491832675832765941,medium,45,45,358635235
images_variant\sudoku_00037_fa_var_01.png,fa,variant,100080009006009000570003826900308200000000030308027594705091080401800600032065000,143286759286579413579143826954318267627954138318627594765491382491832675832765941,medium,45,45,358635235
images_variant\sudoku_00037_fa_var_02.png,fa,variant,100080009006009000570003826900308200000000030308027594705091080401800600032065000,143286759286579413579143826954318267627954138318627594765491382491832675832765941,medium,45,45,358635235
images_original\sudoku_00038_en.png,en,original,007409802549286300020100500063710080070000200008000057600000008004002013002301740,317459862549286371826137594263715489175948236498623157631574928754892613982361745,medium,45,45,358635235
images_variant\sudoku_00038_en_var_00.png,en,variant,007409802549286300020100500063710080070000200008000057600000008004002013002301740,317459862549286371826137594263715489175948236498623157631574928754892613982361745,medium,45,45,358635235
images_variant\sudoku_00038_en_var_01.png,en,variant,007409802549286300020100500063710080070000200008000057600000008004002013002301740,317459862549286371826137594263715489175948236498623157631574928754892613982361745,medium,45,45,358635235
images_variant\sudoku_00038_en_var_02.png,en,variant,007409802549286300020100500063710080070000200008000057600000008004002013002301740,317459862549286371826137594263715489175948236498623157631574928754892613982361745,medium,45,45,358635235
images_original\sudoku_00038_fa.png,fa,original,007409802549286300020100500063710080070000200008000057600000008004002013002301740,317459862549286371826137594263715489175948236498623157631574928754892613982361745,medium,45,45,358635235
images_variant\sudoku_00038_fa_var_00.png,fa,variant,007409802549286300020100500063710080070000200008000057600000008004002013002301740,317459862549286371826137594263715489175948236498623157631574928754892613982361745,medium,45,45,358635235
images_variant\sudoku_00038_fa_var_01.png,fa,variant,007409802549286300020100500063710080070000200008000057600000008004002013002301740,317459862549286371826137594263715489175948236498623157631574928754892613982361745,medium,45,45,358635235
images_variant\sudoku_00038_fa_var_02.png,fa,variant,007409802549286300020100500063710080070000200008000057600000008004002013002301740,317459862549286371826137594263715489175948236498623157631574928754892613982361745,medium,45,45,358635235
images_original\sudoku_00039_en.png,en,original,071000200084005900000482000328750160090020405450600300000010600032508090009036800,571369248284175936963482517328754169196823475457691382845917623632548791719236854,medium,45,45,358635235
images_variant\sudoku_00039_en_var_00.png,en,variant,071000200084005900000482000328750160090020405450600300000010600032508090009036800,571369248284175936963482517328754169196823475457691382845917623632548791719236854,medium,45,45,358635235
images_variant\sudoku_00039_en_var_01.png,en,variant,071000200084005900000482000328750160090020405450600300000010600032508090009036800,571369248284175936963482517328754169196823475457691382845917623632548791719236854,medium,45,45,358635235
images_variant\sudoku_00039_en_var_02.png,en,variant,071000200084005900000482000328750160090020405450600300000010600032508090009036800,571369248284175936963482517328754169196823475457691382845917623632548791719236854,medium,45,45,358635235
images_original\sudoku_00039_fa.png,fa,original,071000200084005900000482000328750160090020405450600300000010600032508090009036800,571369248284175936963482517328754169196823475457691382845917623632548791719236854,medium,45,45,358635235
images_variant\sudoku_00039_fa_var_00.png,fa,variant,071000200084005900000482000328750160090020405450600300000010600032508090009036800,571369248284175936963482517328754169196823475457691382845917623632548791719236854,medium,45,45,358635235
images_variant\sudoku_00039_fa_var_01.png,fa,variant,071000200084005900000482000328750160090020405450600300000010600032508090009036800,571369248284175936963482517328754169196823475457691382845917623632548791719236854,medium,45,45,358635235
images_variant\sudoku_00039_fa_var_02.png,fa,variant,071000200084005900000482000328750160090020405450600300000010600032508090009036800,571369248284175936963482517328754169196823475457691382845917623632548791719236854,medium,45,45,358635235
images_original\sudoku_00040_en.png,en,original,020901007090074000400000003700020009009150002840093015031042900000005004270869501,628931457193574628457286193715428369369157842842693715531742986986315274274869531,medium,45,45,358635235
images_variant\sudoku_00040_en_var_00.png,en,variant,020901007090074000400000003700020009009150002840093015031042900000005004270869501,628931457193574628457286193715428369369157842842693715531742986986315274274869531,medium,45,45,358635235
images_variant\sudoku_00040_en_var_01.png,en,variant,020901007090074000400000003700020009009150002840093015031042900000005004270869501,628931457193574628457286193715428369369157842842693715531742986986315274274869531,medium,45,45,358635235
images_variant\sudoku_00040_en_var_02.png,en,variant,020901007090074000400000003700020009009150002840093015031042900000005004270869501,628931457193574628457286193715428369369157842842693715531742986986315274274869531,medium,45,45,358635235
images_original\sudoku_00040_fa.png,fa,original,020901007090074000400000003700020009009150002840093015031042900000005004270869501,628931457193574628457286193715428369369157842842693715531742986986315274274869531,medium,45,45,358635235
images_variant\sudoku_00040_fa_var_00.png,fa,variant,020901007090074000400000003700020009009150002840093015031042900000005004270869501,628931457193574628457286193715428369369157842842693715531742986986315274274869531,medium,45,45,358635235
images_variant\sudoku_00040_fa_var_01.png,fa,variant,020901007090074000400000003700020009009150002840093015031042900000005004270869501,628931457193574628457286193715428369369157842842693715531742986986315274274869531,medium,45,45,358635235
images_variant\sudoku_00040_fa_var_02.png,fa,variant,020901007090074000400000003700020009009150002840093015031042900000005004270869501,628931457193574628457286193715428369369157842842693715531742986986315274274869531,medium,45,45,358635235
images_original\sudoku_00041_en.png,en,original,000006007080910002600780310200130900700000200004050731190000870000691025025008190,319246587587913642642785319258137964731469258964852731196524873873691425425378196,medium,45,45,358635235
images_variant\sudoku_00041_en_var_00.png,en,variant,000006007080910002600780310200130900700000200004050731190000870000691025025008190,319246587587913642642785319258137964731469258964852731196524873873691425425378196,medium,45,45,358635235
images_variant\sudoku_00041_en_var_01.png,en,variant,000006007080910002600780310200130900700000200004050731190000870000691025025008190,319246587587913642642785319258137964731469258964852731196524873873691425425378196,medium,45,45,358635235
images_variant\sudoku_00041_en_var_02.png,en,variant,000006007080910002600780310200130900700000200004050731190000870000691025025008190,319246587587913642642785319258137964731469258964852731196524873873691425425378196,medium,45,45,358635235
images_original\sudoku_00041_fa.png,fa,original,000006007080910002600780310200130900700000200004050731190000870000691025025008190,319246587587913642642785319258137964731469258964852731196524873873691425425378196,medium,45,45,358635235
images_variant\sudoku_00041_fa_var_00.png,fa,variant,000006007080910002600780310200130900700000200004050731190000870000691025025008190,319246587587913642642785319258137964731469258964852731196524873873691425425378196,medium,45,45,358635235
images_variant\sudoku_00041_fa_var_01.png,fa,variant,000006007080910002600780310200130900700000200004050731190000870000691025025008190,319246587587913642642785319258137964731469258964852731196524873873691425425378196,medium,45,45,358635235
images_variant\sudoku_00041_fa_var_02.png,fa,variant,000006007080910002600780310200130900700000200004050731190000870000691025025008190,319246587587913642642785319258137964731469258964852731196524873873691425425378196,medium,45,45,358635235
images_original\sudoku_00042_en.png,en,original,020010050840900623050600000002040100364000092005700060000500206076083510510007430,623814957841975623957632841792346185364158792185729364438591276276483519519267438,medium,45,45,358635235
images_variant\sudoku_00042_en_var_00.png,en,variant,020010050840900623050600000002040100364000092005700060000500206076083510510007430,623814957841975623957632841792346185364158792185729364438591276276483519519267438,medium,45,45,358635235
images_variant\sudoku_00042_en_var_01.png,en,variant,020010050840900623050600000002040100364000092005700060000500206076083510510007430,623814957841975623957632841792346185364158792185729364438591276276483519519267438,medium,45,45,358635235
images_variant\sudoku_00042_en_var_02.png,en,variant,020010050840900623050600000002040100364000092005700060000500206076083510510007430,623814957841975623957632841792346185364158792185729364438591276276483519519267438,medium,45,45,358635235
images_original\sudoku_00042_fa.png,fa,original,020010050840900623050600000002040100364000092005700060000500206076083510510007430,623814957841975623957632841792346185364158792185729364438591276276483519519267438,medium,45,45,358635235
images_variant\sudoku_00042_fa_var_00.png,fa,variant,020010050840900623050600000002040100364000092005700060000500206076083510510007430,623814957841975623957632841792346185364158792185729364438591276276483519519267438,medium,45,45,358635235
images_variant\sudoku_00042_fa_var_01.png,fa,variant,020010050840900623050600000002040100364000092005700060000500206076083510510007430,623814957841975623957632841792346185364158792185729364438591276276483519519267438,medium,45,45,358635235
images_variant\sudoku_00042_fa_var_02.png,fa,variant,020010050840900623050600000002040100364000092005700060000500206076083510510007430,623814957841975623957632841792346185364158792185729364438591276276483519519267438,medium,45,45,358635235
images_original\sudoku_00043_en.png,en,original,980600400000040089024000501000032000270598140859400072030020805010000007090185000,987651423165243789324879561641732958273598146859416372436927815518364297792185634,medium,45,45,358635235
images_variant\sudoku_00043_en_var_00.png,en,variant,980600400000040089024000501000032000270598140859400072030020805010000007090185000,987651423165243789324879561641732958273598146859416372436927815518364297792185634,medium,45,45,358635235
images_variant\sudoku_00043_en_var_01.png,en,variant,980600400000040089024000501000032000270598140859400072030020805010000007090185000,987651423165243789324879561641732958273598146859416372436927815518364297792185634,medium,45,45,358635235
images_variant\sudoku_00043_en_var_02.png,en,variant,980600400000040089024000501000032000270598140859400072030020805010000007090185000,987651423165243789324879561641732958273598146859416372436927815518364297792185634,medium,45,45,358635235
images_original\sudoku_00043_fa.png,fa,original,980600400000040089024000501000032000270598140859400072030020805010000007090185000,987651423165243789324879561641732958273598146859416372436927815518364297792185634,medium,45,45,358635235
images_variant\sudoku_00043_fa_var_00.png,fa,variant,980600400000040089024000501000032000270598140859400072030020805010000007090185000,987651423165243789324879561641732958273598146859416372436927815518364297792185634,medium,45,45,358635235
images_variant\sudoku_00043_fa_var_01.png,fa,variant,980600400000040089024000501000032000270598140859400072030020805010000007090185000,987651423165243789324879561641732958273598146859416372436927815518364297792185634,medium,45,45,358635235
images_variant\sudoku_00043_fa_var_02.png,fa,variant,980600400000040089024000501000032000270598140859400072030020805010000007090185000,987651423165243789324879561641732958273598146859416372436927815518364297792185634,medium,45,45,358635235
images_original\sudoku_00044_en.png,en,original,964085200000090708870001600210060090009008436000000002080002960006007324400900801,964785213321694758875231649218463597759128436643579182187342965596817324432956871,medium,45,45,358635235
images_variant\sudoku_00044_en_var_00.png,en,variant,964085200000090708870001600210060090009008436000000002080002960006007324400900801,964785213321694758875231649218463597759128436643579182187342965596817324432956871,medium,45,45,358635235
images_variant\sudoku_00044_en_var_01.png,en,variant,964085200000090708870001600210060090009008436000000002080002960006007324400900801,964785213321694758875231649218463597759128436643579182187342965596817324432956871,medium,45,45,358635235
images_variant\sudoku_00044_en_var_02.png,en,variant,964085200000090708870001600210060090009008436000000002080002960006007324400900801,964785213321694758875231649218463597759128436643579182187342965596817324432956871,medium,45,45,358635235
images_original\sudoku_00044_fa.png,fa,original,964085200000090708870001600210060090009008436000000002080002960006007324400900801,964785213321694758875231649218463597759128436643579182187342965596817324432956871,medium,45,45,358635235
images_variant\sudoku_00044_fa_var_00.png,fa,variant,964085200000090708870001600210060090009008436000000002080002960006007324400900801,964785213321694758875231649218463597759128436643579182187342965596817324432956871,medium,45,45,358635235
images_variant\sudoku_00044_fa_var_01.png,fa,variant,964085200000090708870001600210060090009008436000000002080002960006007324400900801,964785213321694758875231649218463597759128436643579182187342965596817324432956871,medium,45,45,358635235
images_variant\sudoku_00044_fa_var_02.png,fa,variant,964085200000090708870001600210060090009008436000000002080002960006007324400900801,964785213321694758875231649218463597759128436643579182187342965596817324432956871,medium,45,45,358635235
images_original\sudoku_00045_en.png,en,original,060002408000810090000096037714680302500000900800253000080000721603020049200048000,965732418327814695148596237714689352532471986896253174489365721653127849271948563,medium,45,45,358635235
images_variant\sudoku_00045_en_var_00.png,en,variant,060002408000810090000096037714680302500000900800253000080000721603020049200048000,965732418327814695148596237714689352532471986896253174489365721653127849271948563,medium,45,45,358635235
images_variant\sudoku_00045_en_var_01.png,en,variant,060002408000810090000096037714680302500000900800253000080000721603020049200048000,965732418327814695148596237714689352532471986896253174489365721653127849271948563,medium,45,45,358635235
images_variant\sudoku_00045_en_var_02.png,en,variant,060002408000810090000096037714680302500000900800253000080000721603020049200048000,965732418327814695148596237714689352532471986896253174489365721653127849271948563,medium,45,45,358635235
images_original\sudoku_00045_fa.png,fa,original,060002408000810090000096037714680302500000900800253000080000721603020049200048000,965732418327814695148596237714689352532471986896253174489365721653127849271948563,medium,45,45,358635235
images_variant\sudoku_00045_fa_var_00.png,fa,variant,060002408000810090000096037714680302500000900800253000080000721603020049200048000,965732418327814695148596237714689352532471986896253174489365721653127849271948563,medium,45,45,358635235
images_variant\sudoku_00045_fa_var_01.png,fa,variant,060002408000810090000096037714680302500000900800253000080000721603020049200048000,965732418327814695148596237714689352532471986896253174489365721653127849271948563,medium,45,45,358635235
images_variant\sudoku_00045_fa_var_02.png,fa,variant,060002408000810090000096037714680302500000900800253000080000721603020049200048000,965732418327814695148596237714689352532471986896253174489365721653127849271948563,medium,45,45,358635235
images_original\sudoku_00046_en.png,en,original,032009004700023150000704000100040300604000018073100460405006090900401006300982001,832519674746823159591764283189645327654237918273198465415376892928451736367982541,medium,45,45,358635235
images_variant\sudoku_00046_en_var_00.png,en,variant,032009004700023150000704000100040300604000018073100460405006090900401006300982001,832519674746823159591764283189645327654237918273198465415376892928451736367982541,medium,45,45,358635235
images_variant\sudoku_00046_en_var_01.png,en,variant,032009004700023150000704000100040300604000018073100460405006090900401006300982001,832519674746823159591764283189645327654237918273198465415376892928451736367982541,medium,45,45,358635235
images_variant\sudoku_00046_en_var_02.png,en,variant,032009004700023150000704000100040300604000018073100460405006090900401006300982001,832519674746823159591764283189645327654237918273198465415376892928451736367982541,medium,45,45,358635235
images_original\sudoku_00046_fa.png,fa,original,032009004700023150000704000100040300604000018073100460405006090900401006300982001,832519674746823159591764283189645327654237918273198465415376892928451736367982541,medium,45,45,358635235
images_variant\sudoku_00046_fa_var_00.png,fa,variant,032009004700023150000704000100040300604000018073100460405006090900401006300982001,832519674746823159591764283189645327654237918273198465415376892928451736367982541,medium,45,45,358635235
images_variant\sudoku_00046_fa_var_01.png,fa,variant,032009004700023150000704000100040300604000018073100460405006090900401006300982001,832519674746823159591764283189645327654237918273198465415376892928451736367982541,medium,45,45,358635235
images_variant\sudoku_00046_fa_var_02.png,fa,variant,032009004700023150000704000100040300604000018073100460405006090900401006300982001,832519674746823159591764283189645327654237918273198465415376892928451736367982541,medium,45,45,358635235
images_original\sudoku_00047_en.png,en,original,070059026300000400090306010000078000207190503009000278950680740600741000710005000,871459326362817459495326817536278194287194563149563278953682741628741935714935682,medium,45,45,358635235
images_variant\sudoku_00047_en_var_00.png,en,variant,070059026300000400090306010000078000207190503009000278950680740600741000710005000,871459326362817459495326817536278194287194563149563278953682741628741935714935682,medium,45,45,358635235
images_variant\sudoku_00047_en_var_01.png,en,variant,070059026300000400090306010000078000207190503009000278950680740600741000710005000,871459326362817459495326817536278194287194563149563278953682741628741935714935682,medium,45,45,358635235
images_variant\sudoku_00047_en_var_02.png,en,variant,070059026300000400090306010000078000207190503009000278950680740600741000710005000,871459326362817459495326817536278194287194563149563278953682741628741935714935682,medium,45,45,358635235
images_original\sudoku_00047_fa.png,fa,original,070059026300000400090306010000078000207190503009000278950680740600741000710005000,871459326362817459495326817536278194287194563149563278953682741628741935714935682,medium,45,45,358635235
images_variant\sudoku_00047_fa_var_00.png,fa,variant,070059026300000400090306010000078000207190503009000278950680740600741000710005000,871459326362817459495326817536278194287194563149563278953682741628741935714935682,medium,45,45,358635235
images_variant\sudoku_00047_fa_var_01.png,fa,variant,070059026300000400090306010000078000207190503009000278950680740600741000710005000,871459326362817459495326817536278194287194563149563278953682741628741935714935682,medium,45,45,358635235
images_variant\sudoku_00047_fa_var_02.png,fa,variant,070059026300000400090306010000078000207190503009000278950680740600741000710005000,871459326362817459495326817536278194287194563149563278953682741628741935714935682,medium,45,45,358635235
images_original\sudoku_00048_en.png,en,original,592008600107050800000710052034000000801502004620000781010600009700904030040830006,592348617167259843483716952934187265871562394625493781318675429756924138249831576,medium,45,45,358635235
images_variant\sudoku_00048_en_var_00.png,en,variant,592008600107050800000710052034000000801502004620000781010600009700904030040830006,592348617167259843483716952934187265871562394625493781318675429756924138249831576,medium,45,45,358635235
images_variant\sudoku_00048_en_var_01.png,en,variant,592008600107050800000710052034000000801502004620000781010600009700904030040830006,592348617167259843483716952934187265871562394625493781318675429756924138249831576,medium,45,45,358635235
images_variant\sudoku_00048_en_var_02.png,en,variant,592008600107050800000710052034000000801502004620000781010600009700904030040830006,592348617167259843483716952934187265871562394625493781318675429756924138249831576,medium,45,45,358635235
images_original\sudoku_00048_fa.png,fa,original,592008600107050800000710052034000000801502004620000781010600009700904030040830006,592348617167259843483716952934187265871562394625493781318675429756924138249831576,medium,45,45,358635235
images_variant\sudoku_00048_fa_var_00.png,fa,variant,592008600107050800000710052034000000801502004620000781010600009700904030040830006,592348617167259843483716952934187265871562394625493781318675429756924138249831576,medium,45,45,358635235
images_variant\sudoku_00048_fa_var_01.png,fa,variant,592008600107050800000710052034000000801502004620000781010600009700904030040830006,592348617167259843483716952934187265871562394625493781318675429756924138249831576,medium,45,45,358635235
images_variant\sudoku_00048_fa_var_02.png,fa,variant,592008600107050800000710052034000000801502004620000781010600009700904030040830006,592348617167259843483716952934187265871562394625493781318675429756924138249831576,medium,45,45,358635235
images_original\sudoku_00049_en.png,en,original,270000009001724635003090042005069020800070106009400050028540003007006000390018000,274653819981724635563891742735169428842375196619482357128547963457936281396218574,medium,45,45,358635235
images_variant\sudoku_00049_en_var_00.png,en,variant,270000009001724635003090042005069020800070106009400050028540003007006000390018000,274653819981724635563891742735169428842375196619482357128547963457936281396218574,medium,45,45,358635235
images_variant\sudoku_00049_en_var_01.png,en,variant,270000009001724635003090042005069020800070106009400050028540003007006000390018000,274653819981724635563891742735169428842375196619482357128547963457936281396218574,medium,45,45,358635235
images_variant\sudoku_00049_en_var_02.png,en,variant,270000009001724635003090042005069020800070106009400050028540003007006000390018000,274653819981724635563891742735169428842375196619482357128547963457936281396218574,medium,45,45,358635235
images_original\sudoku_00049_fa.png,fa,original,270000009001724635003090042005069020800070106009400050028540003007006000390018000,274653819981724635563891742735169428842375196619482357128547963457936281396218574,medium,45,45,358635235
images_variant\sudoku_00049_fa_var_00.png,fa,variant,270000009001724635003090042005069020800070106009400050028540003007006000390018000,274653819981724635563891742735169428842375196619482357128547963457936281396218574,medium,45,45,358635235
images_variant\sudoku_00049_fa_var_01.png,fa,variant,270000009001724635003090042005069020800070106009400050028540003007006000390018000,274653819981724635563891742735169428842375196619482357128547963457936281396218574,medium,45,45,358635235
images_variant\sudoku_00049_fa_var_02.png,fa,variant,270000009001724635003090042005069020800070106009400050028540003007006000390018000,274653819981724635563891742735169428842375196619482357128547963457936281396218574,medium,45,45,358635235
